{
  "protocol_version" : "0.0.5",
  "configuration" : {
    "version" : "(6.6.0.155) (2019-08/296a9afdb24)",
    "tlc" : "normal",
    "sigsgev" : "altstack",
    "notifications" : "kqueue",
    "architecture" : "amd64",
    "disabled_features" : "none",
    "smallconfig" : "disabled",
    "bigarrays" : "disabled",
    "softdebug" : "enabled",
    "interpreter" : "enabled",
    "llvm_support" : "0",
    "suspend" : "hybrid"
  },
  "memory" : {
    "Resident Size" : "80900096",
    "Virtual Size" : "4618014720",
    "minor_gc_time" : "0",
    "major_gc_time" : "0",
    "minor_gc_count" : "0",
    "major_gc_count" : "0",
    "major_gc_time_concurrent" : "0"
 },
  "threads" : [
 {
    "is_managed" : false,
    "offset_free_hash" : "0x0",
    "offset_rich_hash" : "0x0",
    "crashed" : false,
    "native_thread_id" : "0x70000c4da000",
    "thread_info_addr" : "0x7fc3ea015200",
    "thread_name" : "Finalizer",
    "ctx" : {
      "IP" : "0x7fff704dd266",
      "SP" : "0x70000c4d9da8",
      "BP" : "0x70000c4d9e50"
  },
    "unmanaged_frames" : [
  {
      "is_managed" : "false",
      "native_address" : "0x10a1f5156",
      "native_offset" : "0x00000"
   }
,
  {
      "is_managed" : "false",
      "native_address" : "0x10a39b775",
      "native_offset" : "0x00000"
   }
,
  {
      "is_managed" : "false",
      "native_address" : "0x10a39b4a7",
      "native_offset" : "0x00000"
   }
,
  {
      "is_managed" : "false",
      "native_address" : "0x10a25ff3c",
      "native_offset" : "0x00000"
   }
,
  {
      "is_managed" : "false",
      "native_address" : "0x7fff7058db5d",
      "native_offset" : "0x00000"
   }
,
  {
      "is_managed" : "false",
      "native_address" : "0x7fffa311f6b8",
      "native_offset" : "0x00000"
   }
,
  {
      "is_managed" : "false",
      "native_address" : "0x10a39c373",
      "native_offset" : "0x00000"
   }
,
  {
      "is_managed" : "false",
      "native_address" : "0x7fff705962eb",
      "native_offset" : "0x00000"
   }
,
  {
      "is_managed" : "false",
      "native_address" : "0x7fff70599249",
      "native_offset" : "0x00000"
   }
,
  {
      "is_managed" : "false",
      "native_address" : "0x7fff7059540d",
      "native_offset" : "0x00000"
   }

  ]
 },
 {
    "is_managed" : true,
    "offset_free_hash" : "0xdd6a26835",
    "offset_rich_hash" : "0xdd6a26ae9",
    "crashed" : true,
    "native_thread_id" : "0x70000cbe9000",
    "thread_info_addr" : "0x7fc3ea235800",
    "thread_name" : "Thread Pool Worker",
    "ctx" : {
      "IP" : "0x7fff704e32c6",
      "SP" : "0x70000cbe7548",
      "BP" : "0x70000cbe7580"
  },
    "managed_frames" : [
  {
      "is_managed" : "false",
      "native_address" : "unregistered"
   }
,
  {
      "is_managed" : "true",
      "guid" : "7D0BC631-CADD-4A07-BF74-717847E90CFA",
      "token" : "0x00000",
      "native_offset" : "0x0",
      "filename" : "mscorlib.dll",
      "sizeofimage" : "0x472000",
      "timestamp" : "0xec216ac8",
      "il_offset" : "0x0000c"
   }
,
  {
      "is_managed" : "true",
      "guid" : "7D0BC631-CADD-4A07-BF74-717847E90CFA",
      "token" : "0x6001f80",
      "native_offset" : "0x0",
      "filename" : "mscorlib.dll",
      "sizeofimage" : "0x472000",
      "timestamp" : "0xec216ac8",
      "il_offset" : "0x0001a"
   }
,
  {
      "is_managed" : "true",
      "guid" : "7D0BC631-CADD-4A07-BF74-717847E90CFA",
      "token" : "0x6001f27",
      "native_offset" : "0x0",
      "filename" : "mscorlib.dll",
      "sizeofimage" : "0x472000",
      "timestamp" : "0xec216ac8",
      "il_offset" : "0x00028"
   }
,
  {
      "is_managed" : "true",
      "guid" : "7D0BC631-CADD-4A07-BF74-717847E90CFA",
      "token" : "0x6001f25",
      "native_offset" : "0x0",
      "filename" : "mscorlib.dll",
      "sizeofimage" : "0x472000",
      "timestamp" : "0xec216ac8",
      "il_offset" : "0x00002"
   }
,
  {
      "is_managed" : "true",
      "guid" : "95E1C376-2342-496D-9E22-F93E4E1A9E2D",
      "token" : "0x6000084",
      "native_offset" : "0x0",
      "filename" : "MonoDevelop.MSBuildBuilder.exe",
      "sizeofimage" : "0x14000",
      "timestamp" : "0x9e1d458d",
      "il_offset" : "0x000ae"
   }
,
  {
      "is_managed" : "true",
      "guid" : "95E1C376-2342-496D-9E22-F93E4E1A9E2D",
      "token" : "0x6000083",
      "native_offset" : "0x0",
      "filename" : "MonoDevelop.MSBuildBuilder.exe",
      "sizeofimage" : "0x14000",
      "timestamp" : "0x9e1d458d",
      "il_offset" : "0x00001"
   }
,
  {
      "is_managed" : "true",
      "guid" : "95E1C376-2342-496D-9E22-F93E4E1A9E2D",
      "token" : "0x600006a",
      "native_offset" : "0x0",
      "filename" : "MonoDevelop.MSBuildBuilder.exe",
      "sizeofimage" : "0x14000",
      "timestamp" : "0x9e1d458d",
      "il_offset" : "0x00048"
   }
,
  {
      "is_managed" : "true",
      "guid" : "95E1C376-2342-496D-9E22-F93E4E1A9E2D",
      "token" : "0x60000a1",
      "native_offset" : "0x0",
      "filename" : "MonoDevelop.MSBuildBuilder.exe",
      "sizeofimage" : "0x14000",
      "timestamp" : "0x9e1d458d",
      "il_offset" : "0x00001"
   }
,
  {
      "is_managed" : "true",
      "guid" : "95E1C376-2342-496D-9E22-F93E4E1A9E2D",
      "token" : "0x6000067",
      "native_offset" : "0x0",
      "filename" : "MonoDevelop.MSBuildBuilder.exe",
      "sizeofimage" : "0x14000",
      "timestamp" : "0x9e1d458d",
      "il_offset" : "0x00001"
   }
,
  {
      "is_managed" : "true",
      "guid" : "95E1C376-2342-496D-9E22-F93E4E1A9E2D",
      "token" : "0x6000075",
      "native_offset" : "0x0",
      "filename" : "MonoDevelop.MSBuildBuilder.exe",
      "sizeofimage" : "0x14000",
      "timestamp" : "0x9e1d458d",
      "il_offset" : "0x00057"
   }
,
  {
      "is_managed" : "true",
      "guid" : "95E1C376-2342-496D-9E22-F93E4E1A9E2D",
      "token" : "0x00000",
      "native_offset" : "0x0",
      "filename" : "MonoDevelop.MSBuildBuilder.exe",
      "sizeofimage" : "0x14000",
      "timestamp" : "0x9e1d458d",
      "il_offset" : "0x0002a"
   }
,
  {
      "is_managed" : "false",
      "native_address" : "unregistered"
   }
,
  {
      "is_managed" : "true",
      "guid" : "7D0BC631-CADD-4A07-BF74-717847E90CFA",
      "token" : "0x00000",
      "native_offset" : "0x0",
      "filename" : "mscorlib.dll",
      "sizeofimage" : "0x472000",
      "timestamp" : "0xec216ac8",
      "il_offset" : "0x0000c"
   }
,
  {
      "is_managed" : "true",
      "guid" : "7D0BC631-CADD-4A07-BF74-717847E90CFA",
      "token" : "0x60048c4",
      "native_offset" : "0x0",
      "filename" : "mscorlib.dll",
      "sizeofimage" : "0x472000",
      "timestamp" : "0xec216ac8",
      "il_offset" : "0x00000"
   }
,
  {
      "is_managed" : "true",
      "guid" : "95E1C376-2342-496D-9E22-F93E4E1A9E2D",
      "token" : "0x6000039",
      "native_offset" : "0x0",
      "filename" : "MonoDevelop.MSBuildBuilder.exe",
      "sizeofimage" : "0x14000",
      "timestamp" : "0x9e1d458d",
      "il_offset" : "0x00019"
   }
,
  {
      "is_managed" : "true",
      "guid" : "95E1C376-2342-496D-9E22-F93E4E1A9E2D",
      "token" : "0x6000166",
      "native_offset" : "0x0",
      "filename" : "MonoDevelop.MSBuildBuilder.exe",
      "sizeofimage" : "0x14000",
      "timestamp" : "0x9e1d458d",
      "il_offset" : "0x00029"
   }
,
  {
      "is_managed" : "true",
      "guid" : "95E1C376-2342-496D-9E22-F93E4E1A9E2D",
      "token" : "0x6000181",
      "native_offset" : "0x0",
      "filename" : "MonoDevelop.MSBuildBuilder.exe",
      "sizeofimage" : "0x14000",
      "timestamp" : "0x9e1d458d",
      "il_offset" : "0x00001"
   }
,
  {
      "is_managed" : "true",
      "guid" : "7D0BC631-CADD-4A07-BF74-717847E90CFA",
      "token" : "0x6001ec3",
      "native_offset" : "0x0",
      "filename" : "mscorlib.dll",
      "sizeofimage" : "0x472000",
      "timestamp" : "0xec216ac8",
      "il_offset" : "0x00071"
   }
,
  {
      "is_managed" : "true",
      "guid" : "7D0BC631-CADD-4A07-BF74-717847E90CFA",
      "token" : "0x6001ec1",
      "native_offset" : "0x0",
      "filename" : "mscorlib.dll",
      "sizeofimage" : "0x472000",
      "timestamp" : "0xec216ac8",
      "il_offset" : "0x00000"
   }
,
  {
      "is_managed" : "true",
      "guid" : "7D0BC631-CADD-4A07-BF74-717847E90CFA",
      "token" : "0x00000",
      "native_offset" : "0x0",
      "filename" : "mscorlib.dll",
      "sizeofimage" : "0x472000",
      "timestamp" : "0xec216ac8",
      "il_offset" : "0x0002a"
   }

  ],
  "unmanaged_frames" : [
 {
    "is_managed" : "false",
    "native_address" : "0x10a1f5156",
    "native_offset" : "0x00000"
  }
,
 {
    "is_managed" : "false",
    "native_address" : "0x10a39b775",
    "native_offset" : "0x00000"
  }
,
 {
    "is_managed" : "false",
    "native_address" : "0x10a39bdfa",
    "native_offset" : "0x00000"
  }
,
 {
    "is_managed" : "false",
    "native_address" : "0x10a260f46",
    "native_offset" : "0x00000"
  }
,
 {
    "is_managed" : "false",
    "native_address" : "0x10a1f9c65",
    "native_offset" : "0x00000"
  }
,
 {
    "is_managed" : "false",
    "native_address" : "0x10a2602db",
    "native_offset" : "0x00000"
  }
,
 {
    "is_managed" : "false",
    "native_address" : "0x7fff7058db5d",
    "native_offset" : "0x00000"
  }
,
 {
    "is_managed" : "false",
    "native_address" : "0x10a4c6439",
    "native_offset" : "0x00000"
  }
,
 {
    "is_managed" : "false",
    "native_address" : "0x7fff7044d6a6",
    "native_offset" : "0x00000"
  }
,
 {
    "is_managed" : "false",
    "native_address" : "0x10a46acb7",
    "native_offset" : "0x00000"
  }
,
 {
    "is_managed" : "false",
    "native_address" : "0x10a44bb2f",
    "native_offset" : "0x00000"
  }
,
 {
    "is_managed" : "false",
    "native_address" : "0x10a46b03e",
    "native_offset" : "0x00000"
  }
,
 {
    "is_managed" : "false",
    "native_address" : "0x10a46b1bf",
    "native_offset" : "0x00000"
  }
,
 {
    "is_managed" : "false",
    "native_address" : "0x10a305e76",
    "native_offset" : "0x00000"
  }
,
 {
    "is_managed" : "false",
    "native_address" : "0x10a306478",
    "native_offset" : "0x00000"
  }
,
 {
    "is_managed" : "false",
    "native_address" : "0x10a45919f",
    "native_offset" : "0x00000"
  }
,
 {
    "is_managed" : "false",
    "native_address" : "0x10a4594b0",
    "native_offset" : "0x00000"
  }
,
 {
    "is_managed" : "false",
    "native_address" : "0x10a3087ab",
    "native_offset" : "0x00000"
  }
,
 {
    "is_managed" : "false",
    "native_address" : "0x10a32b675",
    "native_offset" : "0x00000"
  }
,
 {
    "is_managed" : "true",
    "guid" : "7D0BC631-CADD-4A07-BF74-717847E90CFA",
    "token" : "0x00000",
    "native_offset" : "0x0",
    "filename" : "mscorlib.dll",
    "sizeofimage" : "0x472000",
    "timestamp" : "0xec216ac8",
    "il_offset" : "0x00000"
  }
,
 {
    "is_managed" : "true",
    "guid" : "95E1C376-2342-496D-9E22-F93E4E1A9E2D",
    "token" : "0x6000083",
    "native_offset" : "0x0",
    "filename" : "MonoDevelop.MSBuildBuilder.exe",
    "sizeofimage" : "0x14000",
    "timestamp" : "0x9e1d458d",
    "il_offset" : "0x00000"
  }
,
 {
    "is_managed" : "true",
    "guid" : "95E1C376-2342-496D-9E22-F93E4E1A9E2D",
    "token" : "0x60000a1",
    "native_offset" : "0x0",
    "filename" : "MonoDevelop.MSBuildBuilder.exe",
    "sizeofimage" : "0x14000",
    "timestamp" : "0x9e1d458d",
    "il_offset" : "0x00000"
  }
,
 {
    "is_managed" : "true",
    "guid" : "95E1C376-2342-496D-9E22-F93E4E1A9E2D",
    "token" : "0x00000",
    "native_offset" : "0x0",
    "filename" : "MonoDevelop.MSBuildBuilder.exe",
    "sizeofimage" : "0x14000",
    "timestamp" : "0x9e1d458d",
    "il_offset" : "0x00000"
  }
,
 {
    "is_managed" : "false",
    "native_address" : "0x10a15562d",
    "native_offset" : "0x00000"
  }
,
 {
    "is_managed" : "false",
    "native_address" : "0x10a374fa4",
    "native_offset" : "0x00000"
  }
,
 {
    "is_managed" : "false",
    "native_address" : "0x10a3793a6",
    "native_offset" : "0x00000"
  }
,
 {
    "is_managed" : "false",
    "native_address" : "0x10a3106f4",
    "native_offset" : "0x00000"
  }
,
 {
    "is_managed" : "true",
    "guid" : "7D0BC631-CADD-4A07-BF74-717847E90CFA",
    "token" : "0x00000",
    "native_offset" : "0x0",
    "filename" : "mscorlib.dll",
    "sizeofimage" : "0x472000",
    "timestamp" : "0xec216ac8",
    "il_offset" : "0x00000"
  }
,
 {
    "is_managed" : "true",
    "guid" : "7D0BC631-CADD-4A07-BF74-717847E90CFA",
    "token" : "0x60048c4",
    "native_offset" : "0x0",
    "filename" : "mscorlib.dll",
    "sizeofimage" : "0x472000",
    "timestamp" : "0xec216ac8",
    "il_offset" : "0x00000"
  }
,
 {
    "is_managed" : "true",
    "guid" : "95E1C376-2342-496D-9E22-F93E4E1A9E2D",
    "token" : "0x6000181",
    "native_offset" : "0x0",
    "filename" : "MonoDevelop.MSBuildBuilder.exe",
    "sizeofimage" : "0x14000",
    "timestamp" : "0x9e1d458d",
    "il_offset" : "0x00000"
  }
,
 {
    "is_managed" : "true",
    "guid" : "7D0BC631-CADD-4A07-BF74-717847E90CFA",
    "token" : "0x6001ec1",
    "native_offset" : "0x0",
    "filename" : "mscorlib.dll",
    "sizeofimage" : "0x472000",
    "timestamp" : "0xec216ac8",
    "il_offset" : "0x00000"
  }
,
 {
    "is_managed" : "true",
    "guid" : "(null)",
    "token" : "0x00000",
    "native_offset" : "0x0",
    "filename" : "(null)",
    "sizeofimage" : "0x0",
    "timestamp" : "0x0",
    "il_offset" : "0x00000"
  }
,
 {
    "is_managed" : "false",
    "native_address" : "0x10a15562d",
    "native_offset" : "0x00000"
  }
,
 {
    "is_managed" : "false",
    "native_address" : "0x10a374fa4",
    "native_offset" : "0x00000"
  }
,
 {
    "is_managed" : "false",
    "native_address" : "0x10a39eec0",
    "native_offset" : "0x00000"
  }
,
 {
    "is_managed" : "false",
    "native_address" : "0x10a2d128c",
    "native_offset" : "0x00000"
  }
,
 {
    "is_managed" : "false",
    "native_address" : "0x10a39c373",
    "native_offset" : "0x00000"
  }
,
 {
    "is_managed" : "false",
    "native_address" : "0x7fff705962eb",
    "native_offset" : "0x00000"
  }
,
 {
    "is_managed" : "false",
    "native_address" : "0x7fff70599249",
    "native_offset" : "0x00000"
  }
,
 {
    "is_managed" : "false",
    "native_address" : "0x7fff7059540d",
    "native_offset" : "0x00000"
  }

 ]
},
{
  "is_managed" : false,
  "offset_free_hash" : "0x0",
  "offset_rich_hash" : "0x0",
  "crashed" : false,
  "native_thread_id" : "0x11022f5c0",
  "thread_info_addr" : "0x7fc3ea009e00",
  "thread_name" : "tid_307",
  "ctx" : {
    "IP" : "0x7fff704e086a",
    "SP" : "0x7ffee5abdbc8",
    "BP" : "0x7ffee5abdc50"
 },
  "unmanaged_frames" : [
 {
    "is_managed" : "false",
    "native_address" : "0x10a1f5156",
    "native_offset" : "0x00000"
  }
,
 {
    "is_managed" : "false",
    "native_address" : "0x10a39b775",
    "native_offset" : "0x00000"
  }
,
 {
    "is_managed" : "false",
    "native_address" : "0x10a39b4a7",
    "native_offset" : "0x00000"
  }
,
 {
    "is_managed" : "false",
    "native_address" : "0x10a25ff3c",
    "native_offset" : "0x00000"
  }
,
 {
    "is_managed" : "false",
    "native_address" : "0x7fff7058db5d",
    "native_offset" : "0x00000"
  }
,
 {
    "is_managed" : "false",
    "native_address" : "0x10a1f75b6",
    "native_offset" : "0x00000"
  }
,
 {
    "is_managed" : "false",
    "native_address" : "0x10a4457c0",
    "native_offset" : "0x00000"
  }
,
 {
    "is_managed" : "false",
    "native_address" : "0x10a4602e1",
    "native_offset" : "0x00000"
  }
,
 {
    "is_managed" : "false",
    "native_address" : "0x10a398774",
    "native_offset" : "0x00000"
  }
,
 {
    "is_managed" : "false",
    "native_address" : "0x10a39858a",
    "native_offset" : "0x00000"
  }
,
 {
    "is_managed" : "false",
    "native_address" : "0x10a1ba6c2",
    "native_offset" : "0x00000"
  }
,
 {
    "is_managed" : "false",
    "native_address" : "0x10a144848",
    "native_offset" : "0x00000"
  }
,
 {
    "is_managed" : "false",
    "native_address" : "0x7fff703a83d5",
    "native_offset" : "0x00000"
  }
,
 {
    "is_managed" : "false",
    "native_address" : "0x5",
    "native_offset" : "0x00000"
  }

 ]
}
]
}